Ref,Val,Package,PosX,PosY,Rot,Side
"C1","1000pF","C_0805_2012Metric",65.250000,44.400000,90.000000,top
"C2","2000pF","C_0805_2012Metric",61.100000,69.300000,90.000000,top
"C3","0.022uF","C_0805_2012Metric",61.000000,37.850000,90.000000,top
"C4","1uF 15V","CP_EIA-3216-18_Kemet-A",57.050000,68.700000,90.000000,top
"C5","0.01uF","C_0805_2012Metric",65.050000,69.300000,90.000000,top
"C6","1000pF","C_0805_2012Metric",30.300000,48.850000,90.000000,top
"C7","0.047uF","C_0805_2012Metric",26.000000,42.150000,90.000000,top
"C8","0.022uF","C_0805_2012Metric",29.950000,42.150000,90.000000,top
"C9","0.047uF","C_0805_2012Metric",15.000000,58.150000,90.000000,top
"C10","2700pF","C_0805_2012Metric",33.900000,42.150000,90.000000,top
"C11","470pF","C_0805_2012Metric",18.950000,58.150000,90.000000,top
"C12","1000pF","C_0805_2012Metric",43.300000,44.150000,90.000000,top
"C13","1000pF","C_0805_2012Metric",47.250000,44.150000,90.000000,top
"C14","1000pF","C_0805_2012Metric",51.200000,44.150000,90.000000,top
"C15","1000pF","C_0805_2012Metric",55.150000,44.150000,90.000000,top
"C16","100uF 16V","CP_Elec_6.3x7.7",50.950000,52.550000,90.000000,top
"C17","10uF 10V tant","CP_EIA-3216-18_Kemet-A",158.450000,68.700000,90.000000,top
"C18","0.01uF","C_0805_2012Metric",149.000000,61.900000,90.000000,top
"C19","470pF","C_0805_2012Metric",138.000000,58.150000,90.000000,top
"C20","470pF","C_0805_2012Metric",141.950000,58.150000,90.000000,top
"C23","0.1uF","C_0805_2012Metric",97.000000,24.200000,90.000000,top
"C24","0.1uF","C_0805_2012Metric",100.950000,24.200000,90.000000,top
"C25","0.1uF","C_0805_2012Metric",104.900000,24.200000,90.000000,top
"D1","1N4148W","D_SOD-123",48.550000,68.650000,90.000000,top
"D2","1N4148W","D_SOD-123",52.850000,68.650000,90.000000,top
"D3","BZT52C4V7 4.7V","D_SOD-123",33.150000,57.500000,90.000000,top
"D4","1N4148W","D_SOD-123",26.150000,48.200000,90.000000,top
"D5","1N4148W","D_SOD-123",39.150000,43.500000,90.000000,top
"D6","1N4148W","D_SOD-123",97.150000,55.250000,90.000000,top
"D7","1N4148W","D_SOD-123",101.450000,55.250000,90.000000,top
"D8","1N4148W","D_SOD-123",73.150000,56.250000,90.000000,top
"D9","1N4148W","D_SOD-123",77.450000,56.250000,90.000000,top
"D10","1N4148W","D_SOD-123",73.150000,49.550000,90.000000,top
"D11","1N4148W","D_SOD-123",77.450000,49.550000,90.000000,top
"D18","LED","LED_1206_3216Metric",61.150000,43.800000,90.000000,top
"IC1","4013","SOIC-14_3.9x8.7mm_P1.27mm",6.700000,66.400000,0.000000,top
"IC2","4001","SOIC-14_3.9x8.7mm_P1.27mm",17.700000,66.400000,0.000000,top
"IC3","4070","SOIC-14_3.9x8.7mm_P1.27mm",28.700000,66.400000,0.000000,top
"IC4","4558","SOIC-8_3.9x4.9mm_P1.27mm",41.700000,68.300000,0.000000,top
"IC5","4013","SOIC-14_3.9x8.7mm_P1.27mm",63.700000,52.650000,0.000000,top
"IC6","4053","SOIC-16_3.9x9.9mm_P1.27mm",75.700000,65.800000,0.000000,top
"IC7","4049","SOIC-16_3.9x9.9mm_P1.27mm",125.700000,53.650000,0.000000,top
"IC8","4013","SOIC-14_3.9x8.7mm_P1.27mm",41.700000,52.650000,0.000000,top
"IC9","4023","SOIC-14_3.9x8.7mm_P1.27mm",112.700000,54.250000,0.000000,top
"IC10","555","SOIC-8_3.9x4.9mm_P1.27mm",151.700000,68.300000,0.000000,top
"IC11","4001","SOIC-14_3.9x8.7mm_P1.27mm",110.700000,66.400000,0.000000,top
"IC12","1489","SOIC-14_3.9x8.7mm_P1.27mm",121.700000,66.400000,0.000000,top
"IC13","4070","SOIC-14_3.9x8.7mm_P1.27mm",86.700000,66.400000,0.000000,top
"IC14","4053","SOIC-16_3.9x9.9mm_P1.27mm",99.700000,65.800000,0.000000,top
"IC15","1488","SOIC-14_3.9x8.7mm_P1.27mm",140.700000,66.400000,0.000000,top
"Q1","MMBT5088","SOT-23",26.950000,36.750000,0.000000,top
"Q2","MMBT5088","SOT-23",15.950000,52.750000,0.000000,top
"Q3","MMBT5087","SOT-23",32.800000,36.750000,0.000000,top
"Q4","MMBT5088","SOT-23",73.950000,43.500000,0.000000,top
"Q5","MMBT5088","SOT-23",110.950000,46.000000,0.000000,top
"Q6","MMBT5088","SOT-23",116.800000,46.000000,0.000000,top
"Q7","MMBT5088","SOT-23",123.950000,44.750000,0.000000,top
"Q8","MMBT5088","SOT-23",129.800000,44.750000,0.000000,top
"Q9","MMBT5087","SOT-23",39.950000,37.450000,0.000000,top
"Q10","MMBT5087","SOT-23",45.800000,37.450000,0.000000,top
"Q11","MMBT5087","SOT-23",153.900000,61.900000,0.000000,top
"R1","33K","R_0805_2012Metric",64.850000,32.450000,90.000000,top
"R2","10K","R_0805_2012Metric",60.950000,27.100000,90.000000,top
"R3","10K","R_0805_2012Metric",64.850000,27.100000,90.000000,top
"R4","330","R_0805_2012Metric",38.950000,61.900000,90.000000,top
"R5","2.2K","R_0805_2012Metric",42.850000,61.900000,90.000000,top
"R6","4.7K","R_0805_2012Metric",46.750000,61.900000,90.000000,top
"R7","470","R_0805_2012Metric",50.650000,61.900000,90.000000,top
"R8","100K","R_0805_2012Metric",54.550000,61.900000,90.000000,top
"R9","10K","R_0805_2012Metric",58.450000,61.900000,90.000000,top
"R10","330K","R_0805_2012Metric",62.350000,61.900000,90.000000,top
"R11","10K","R_0805_2012Metric",66.250000,61.900000,90.000000,top
"R12","10K","R_0805_2012Metric",25.950000,31.350000,90.000000,top
"R13","22K","R_0805_2012Metric",29.850000,31.350000,90.000000,top
"R14","22K","R_0805_2012Metric",20.800000,52.750000,90.000000,top
"R15","10K","R_0805_2012Metric",33.750000,31.350000,90.000000,top
"R16","20K trim","Potentiometer_Bourns_3314G_Vertical",27.500000,56.200000,0.000000,top
"R17","100K","R_0805_2012Metric",25.950000,26.000000,90.000000,top
"R18","100K","R_0805_2012Metric",14.950000,47.350000,90.000000,top
"R19","10K","R_0805_2012Metric",29.850000,26.000000,90.000000,top
"R20","10K","R_0805_2012Metric",33.750000,26.000000,90.000000,top
"R21","10K","R_0805_2012Metric",18.850000,47.350000,90.000000,top
"R22","10K","R_0805_2012Metric",78.800000,43.500000,90.000000,top
"R23","100K","R_0805_2012Metric",50.650000,37.450000,90.000000,top
"R24","100K","R_0805_2012Metric",54.550000,37.450000,90.000000,top
"R25","100K","R_0805_2012Metric",38.950000,32.050000,90.000000,top
"R26","100K","R_0805_2012Metric",42.850000,32.050000,90.000000,top
"R27","10K","R_0805_2012Metric",46.750000,32.050000,90.000000,top
"R28","10K","R_0805_2012Metric",109.950000,40.600000,90.000000,top
"R29","10K","R_0805_2012Metric",113.850000,40.600000,90.000000,top
"R30","470","R_0805_2012Metric",117.750000,40.600000,90.000000,top
"R31","470","R_0805_2012Metric",109.950000,35.250000,90.000000,top
"R32","10K","R_0805_2012Metric",50.650000,32.050000,90.000000,top
"R33","10K","R_0805_2012Metric",54.550000,32.050000,90.000000,top
"R34","10K","R_0805_2012Metric",122.950000,39.350000,90.000000,top
"R35","470","R_0805_2012Metric",126.850000,39.350000,90.000000,top
"R36","10K","R_0805_2012Metric",130.750000,39.350000,90.000000,top
"R37","470","R_0805_2012Metric",122.950000,34.000000,90.000000,top
"R38","47K","R_0805_2012Metric",158.750000,61.900000,90.000000,top
"R40","10K","R_0805_2012Metric",64.900000,37.850000,90.000000,top
"R41","10K","R_0805_2012Metric",126.850000,34.000000,90.000000,top
"R42","10K","R_0805_2012Metric",83.950000,58.150000,90.000000,top
"R43","470","R_0805_2012Metric",60.950000,32.450000,90.000000,top
"R44","10K","R_0805_2012Metric",87.850000,58.150000,90.000000,top
"R45","10K","R_0805_2012Metric",91.750000,58.150000,90.000000,top
"R46","10K","R_0805_2012Metric",83.950000,52.800000,90.000000,top
"R47","10K","R_0805_2012Metric",87.850000,52.800000,90.000000,top
"RLY1","G6K-2F-Y 5V","Relay_DPDT_Omron_G6K-2F-Y",100.650000,45.650000,0.000000,top
"RLY2","G6K-2F-Y 5V","Relay_DPDT_Omron_G6K-2F-Y",100.650000,33.150000,0.000000,top
