"Reference","Value","Footprint","Qty","Excluded from board"
"C1,C6,C12,C13,C14,C15","1000pF","Capacitor_SMD:C_0805_2012Metric","6",""
"C2","2000pF","Capacitor_SMD:C_0805_2012Metric","1",""
"C3,C8","0.022uF","Capacitor_SMD:C_0805_2012Metric","2",""
"C4","1uF 15V","Capacitor_Tantalum_SMD:CP_EIA-3216-18_Kemet-A","1",""
"C5,C18","0.01uF","Capacitor_SMD:C_0805_2012Metric","2",""
"C7,C9","0.047uF","Capacitor_SMD:C_0805_2012Metric","2",""
"C10","2700pF","Capacitor_SMD:C_0805_2012Metric","1",""
"C11,C19,C20","470pF","Capacitor_SMD:C_0805_2012Metric","3",""
"C16","100uF 16V","Capacitor_SMD:CP_Elec_6.3x7.7","1",""
"C17","10uF 10V tant","Capacitor_Tantalum_SMD:CP_EIA-3216-18_Kemet-A","1",""
"C21","1000uF 25V","","1","Excluded from board"
"C22","100uF 16V","","1","Excluded from board"
"C23,C24,C25","0.1uF","Capacitor_SMD:C_0805_2012Metric","3",""
"D1,D2,D4,D5,D6,D7,D8,D9,D10,D11","1N4148W","Diode_SMD:D_SOD-123","10",""
"D3","BZT52C4V7 4.7V","Diode_SMD:D_SOD-123","1",""
"D12,D13","1N4737 7.5V","","2","Excluded from board"
"D14,D15,D16,D17","1N4003","","4","Excluded from board"
"D18","LED","LED_SMD:LED_1206_3216Metric","1",""
"D19","RECORD RDY","","1","Excluded from board"
"D20","READ RDY","","1","Excluded from board"
"D21","REC DATA","","1","Excluded from board"
"D22","READ DATA","","1","Excluded from board"
"F1","1A","","1","Excluded from board"
"IC1,IC5,IC8","4013","Package_SO:SOIC-14_3.9x8.7mm_P1.27mm","3",""
"IC2,IC11","4001","Package_SO:SOIC-14_3.9x8.7mm_P1.27mm","2",""
"IC3,IC13","4070","Package_SO:SOIC-14_3.9x8.7mm_P1.27mm","2",""
"IC4","4558","Package_SO:SOIC-8_3.9x4.9mm_P1.27mm","1",""
"IC6,IC14","4053","Package_SO:SOIC-16_3.9x9.9mm_P1.27mm","2",""
"IC7","4049","Package_SO:SOIC-16_3.9x9.9mm_P1.27mm","1",""
"IC9","4023","Package_SO:SOIC-14_3.9x8.7mm_P1.27mm","1",""
"IC10","555","Package_SO:SOIC-8_3.9x4.9mm_P1.27mm","1",""
"IC12","1489","Package_SO:SOIC-14_3.9x8.7mm_P1.27mm","1",""
"IC15","1488","Package_SO:SOIC-14_3.9x8.7mm_P1.27mm","1",""
"IC16","7805","","1","Excluded from board"
"J1","SWITCHES","Connector_PinHeader_2.54mm:PinHeader_1x19_P2.54mm_Vertical","1",""
"J2","LEDS","Connector_PinHeader_2.54mm:PinHeader_1x05_P2.54mm_Vertical","1",""
"J3","Computer interface (COMP)","Connector_Molex:Molex_KK-396_A-41791-0010_1x10_P3.96mm_Vertical","1",""
"J4","Control interface","Connector_Molex:Molex_KK-396_A-41791-0015_1x15_P3.96mm_Vertical","1",""
"J5","Terminal interface (TERM)","Connector_Molex:Molex_KK-396_A-41791-0010_1x10_P3.96mm_Vertical","1",""
"J6","MIC A","","1","Excluded from board"
"J7","MIC B","","1","Excluded from board"
"J8","EAR A","","1","Excluded from board"
"J9","EAR B","","1","Excluded from board"
"J10","MOTOR A","","1","Excluded from board"
"J11","MOTOR B","","1","Excluded from board"
"J12","Power input","Connector_Molex:Molex_KK-396_A-41791-0006_1x06_P3.96mm_Vertical","1",""
"J13","MOTOR","Connector_PinHeader_2.54mm:PinHeader_1x04_P2.54mm_Vertical","1",""
"J14","MIC","Connector_PinHeader_2.54mm:PinHeader_1x04_P2.54mm_Vertical","1",""
"J15","EAR","Connector_PinHeader_2.54mm:PinHeader_1x04_P2.54mm_Vertical","1",""
"P1","120 VAC line cord","","1","Excluded from board"
"Q1,Q2,Q4,Q5,Q6,Q7,Q8","MMBT5088","Package_TO_SOT_SMD:SOT-23","7",""
"Q3,Q9,Q10,Q11","MMBT5087","Package_TO_SOT_SMD:SOT-23","4",""
"R1","33K","Resistor_SMD:R_0805_2012Metric","1",""
"R2,R3,R9,R11,R12,R15,R19,R20,R21,R22,R27,R28,R29,R32,R33,R34,R36,R40,R41,R42,R44,R45,R46,R47","10K","Resistor_SMD:R_0805_2012Metric","24",""
"R4","330","Resistor_SMD:R_0805_2012Metric","1",""
"R5","2.2K","Resistor_SMD:R_0805_2012Metric","1",""
"R6","4.7K","Resistor_SMD:R_0805_2012Metric","1",""
"R7,R30,R31,R35,R37,R43","470","Resistor_SMD:R_0805_2012Metric","6",""
"R8,R17,R18,R23,R24,R25,R26","100K","Resistor_SMD:R_0805_2012Metric","7",""
"R10","330K","Resistor_SMD:R_0805_2012Metric","1",""
"R13,R14","22K","Resistor_SMD:R_0805_2012Metric","2",""
"R16","20K trim","Potentiometer_SMD:Potentiometer_Bourns_3314G_Vertical","1",""
"R38","47K","Resistor_SMD:R_0805_2012Metric","1",""
"R48,R49","330","","2","Excluded from board"
"RLY1,RLY2","G6K-2F-Y 5V","Relay_SMD:Relay_DPDT_Omron_G6K-2F-Y","2",""
"S1","AUTO/MAN","","1","Excluded from board"
"S2","RECORD A/B","","1","Excluded from board"
"S3","PLAY A/B","","1","Excluded from board"
"S4","RECORD ON/OFF","","1","Excluded from board"
"S5","READER ON/OFF","","1","Excluded from board"
"S6","POWER (SPDT, one throw used)","","1","Excluded from board"
"S7","LOCAL/REMOTE","","1","Excluded from board"
"T1","120/240V : 18VAC CT 300mA","","1","Excluded from board"
